Date,Net_Asset,Share_Issued,AHP,CAC_40,CAC40_Adjusted
8/22/19,300.00,3.00,100.00,100.00,100.00
8/23/19,291.37,3.00,97.12,98.86,99.38
8/26/19,192.49,1.97,97.69,99.31,99.75
8/27/19,191.15,1.97,97.01,99.98,100.31
8/28/19,190.81,1.97,96.84,99.64,100.03
8/29/19,193.75,1.97,98.33,101.15,101.29
8/30/19,194.81,1.97,98.87,101.71,101.76
9/2/19,194.79,1.97,98.86,101.94,101.96
9/3/19,193.45,1.97,98.18,101.44,101.54
9/4/19,195.59,1.97,99.27,102.67,102.57
9/5/19,200.79,1.97,101.90,103.81,103.52
9/6/19,200.35,1.97,101.68,104.00,103.69
9/9/19,205.51,1.97,104.30,103.72,103.45
9/10/19,209.01,1.97,106.08,103.80,103.52
9/11/19,210.03,1.97,106.59,104.27,103.91
9/12/19,209.39,1.97,106.27,104.73,104.29
9/13/19,212.61,1.97,107.90,104.96,104.49
9/16/19,209.97,1.97,106.56,103.97,103.66
9/17/19,207.77,1.97,105.45,104.22,103.87
9/18/19,207.81,1.97,105.47,104.31,103.95
9/19/19,213.27,1.97,108.24,105.03,104.55
9/20/19,214.49,1.97,108.86,105.61,105.05
9/23/19,177.32,1.68,105.86,104.50,103.94
9/24/19,174.82,1.68,104.37,104.46,103.90
9/25/19,174.98,1.68,104.46,103.63,103.07
9/26/19,175.06,1.68,104.51,104.31,103.75
9/27/19,175.24,1.68,104.62,104.68,104.12
9/30/19,176.66,1.68,105.47,105.37,104.81
10/1/19,173.62,1.68,103.65,103.89,103.33
10/2/19,166.52,1.68,99.41,100.64,100.10
10/3/19,164.30,1.68,98.09,100.94,100.40
10/4/19,164.56,1.68,98.24,101.86,101.31
10/7/19,165.04,1.68,98.53,102.48,101.93
10/8/19,161.42,1.68,96.37,101.27,100.73
10/9/19,162.40,1.68,96.95,102.06,101.51
10/10/19,167.10,1.68,99.76,103.36,102.80
10/11/19,176.62,1.68,105.44,105.15,104.58
10/14/19,177.10,1.68,105.73,104.73,104.17
10/15/19,180.54,1.68,107.78,105.82,105.26
10/16/19,182.28,1.68,108.82,105.73,105.16
10/17/19,183.38,1.68,109.48,105.29,104.72
10/18/19,183.40,1.68,109.49,104.60,104.04
10/21/19,187.34,1.68,111.84,104.83,104.27
10/22/19,186.80,1.68,111.52,105.00,104.44
10/23/19,187.34,1.68,111.84,104.92,104.36
10/24/19,186.14,1.68,111.13,105.49,104.93
10/25/19,187.24,1.68,111.78,106.20,105.63
10/28/19,187.82,1.68,112.13,106.35,105.78
10/29/19,3180.71,28.33,112.28,106.53,105.90
10/30/19,3159.62,28.33,111.54,107.01,106.26
10/31/19,3101.34,28.33,109.48,106.34,105.76
11/1/19,3131.96,28.33,110.56,106.93,106.21
11/4/19,5078.88,45.51,111.60,108.09,106.86
11/5/19,5099.56,45.51,112.06,108.51,107.09
11/6/19,5149.11,45.51,113.15,108.88,107.33
11/7/19,5162.03,45.51,113.43,109.33,107.63
11/8/19,5160.37,45.51,113.39,109.31,107.61
11/11/19,5078.91,45.51,111.60,109.38,107.66
11/12/19,5115.41,45.51,112.41,109.86,107.98
11/13/19,5094.03,45.51,111.94,109.63,107.83
11/14/19,5071.75,45.51,111.45,109.52,107.75
11/15/19,4369.48,39.10,111.76,110.23,108.29
11/18/19,4386.22,39.10,112.19,110.05,108.16
11/19/19,4351.09,39.10,111.29,109.67,107.78
11/20/19,4348.17,39.10,111.21,109.39,107.51
11/21/19,4926.89,44.50,110.72,109.15,107.28
11/22/19,5031.44,45.35,110.96,109.37,107.48
11/25/19,5040.95,45.35,111.16,109.96,108.01
11/26/19,5061.10,45.35,111.61,110.05,108.08
11/27/19,5008.71,45.35,110.45,110.00,108.04
11/28/19,4991.33,45.35,110.07,109.73,107.80
11/29/19,4988.49,45.35,110.01,109.59,107.68
12/2/19,4935.84,45.35,108.85,107.40,105.72
12/3/19,4903.58,45.35,108.14,106.29,104.73
12/4/19,4901.27,45.35,108.08,107.64,105.93
12/5/19,4942.06,45.35,108.98,107.67,105.97
12/6/19,4970.08,45.35,109.60,108.98,107.25
12/9/19,4982.16,45.35,109.87,108.33,106.62
12/10/19,4977.09,45.35,109.76,108.53,106.81
12/11/19,5033.70,45.35,111.00,108.77,107.05
12/12/19,7045.22,63.33,111.24,109.21,107.38
12/13/19,7112.66,63.33,112.30,109.85,107.88
12/16/19,7150.51,63.33,112.90,111.20,108.91
12/17/19,7193.01,63.33,113.57,110.76,108.58
12/18/19,7188.83,63.33,113.51,110.60,108.45
12/19/19,7188.93,63.33,113.51,110.84,108.64
12/20/19,7198.18,63.33,113.65,111.75,109.34
12/23/19,7216.26,63.33,113.94,111.90,109.45
12/24/19,7197.80,63.33,113.65,111.90,109.45
12/27/19,7187.54,63.33,113.49,112.05,109.56
12/30/19,7174.87,63.33,113.29,111.02,108.78
12/31/19,7155.88,63.33,112.99,110.95,108.72
1/2/20,7200.86,63.33,113.70,112.12,109.63
1/3/20,7240.96,63.33,114.33,112.17,109.66
1/6/20,7191.88,63.33,113.55,111.61,109.23
1/7/20,7179.93,63.25,113.52,111.58,109.21
1/8/20,7167.17,63.25,113.32,111.93,109.48
1/9/20,7179.01,63.25,113.51,112.14,109.64
1/10/20,7213.84,63.25,114.06,112.04,109.56
1/13/20,7192.32,63.25,113.72,112.02,109.54
1/14/20,7192.12,63.25,113.72,112.11,109.62
1/15/20,7201.13,63.25,113.86,111.96,109.49
1/16/20,7205.72,63.25,113.93,112.08,109.59
1/17/20,7239.73,63.25,114.47,113.22,110.54
1/20/20,7259.00,63.25,114.77,112.81,110.20
1/21/20,7260.85,63.25,114.80,112.21,109.70
1/22/20,7252.38,63.25,114.67,111.56,109.15
1/23/20,7211.03,63.25,114.02,110.83,108.45
1/24/20,7267.81,63.25,114.91,111.80,109.39
1/27/20,9395.46,82.35,114.09,108.81,107.17
1/28/20,9375.73,82.35,113.85,109.98,108.04
1/29/20,9412.62,82.35,114.30,110.52,108.44
1/30/20,9323.98,82.35,113.22,108.97,107.29
1/31/20,9301.93,82.35,112.95,107.76,106.39
2/3/20,9262.51,82.35,112.47,108.24,106.75
2/4/20,9358.57,82.35,113.64,110.15,108.17
2/5/20,9370.39,82.35,113.78,111.08,108.87
2/6/20,9511.71,82.34,115.52,112.06,109.60
2/7/20,9480.37,82.34,115.14,111.91,109.47
2/10/20,9563.57,82.34,116.15,111.64,109.25
2/11/20,9657.72,82.34,117.30,112.37,109.87
2/12/20,9735.59,82.34,118.24,113.30,110.70
2/13/20,9735.68,82.34,118.24,113.08,110.51
2/14/20,9686.80,82.34,117.65,112.64,110.11
2/17/20,12678.72,107.88,117.53,112.95,110.33
2/18/20,12650.83,107.88,117.27,112.41,109.94
2/19/20,12698.58,107.88,117.71,113.42,110.75
2/20/20,12729.12,107.88,118.00,112.51,110.03
2/21/20,12687.35,107.88,117.61,111.90,109.54
2/24/20,12355.64,107.88,114.53,107.49,106.05
2/25/20,12188.21,107.88,112.98,105.41,104.40
2/26/20,12093.98,107.88,112.11,105.50,104.47
2/27/20,11918.59,107.88,110.48,101.99,101.60
2/28/20,11586.74,107.88,107.41,98.55,98.73
3/2/20,11372.84,107.88,105.42,98.98,99.09
3/3/20,11220.74,107.88,104.01,100.09,100.00
3/4/20,11283.06,107.88,104.59,101.42,101.08
3/5/20,11042.29,107.88,102.36,99.50,99.52
3/6/20,10941.39,107.88,101.42,95.38,96.36
3/9/20,10149.40,107.88,94.08,87.37,89.89
3/10/20,9706.74,107.88,89.98,86.05,88.79
3/11/20,9625.93,107.88,89.23,85.56,88.38
3/12/20,9423.35,107.88,87.35,75.06,79.66
3/13/20,8812.76,107.88,81.69,76.43,80.82
3/16/20,8820.85,107.88,81.77,72.04,77.62
3/17/20,8800.00,107.88,81.57,74.08,79.14
3/18/20,8787.21,107.88,81.46,69.69,76.17
3/19/20,8818.57,107.88,81.75,71.55,77.46
3/20/20,6741.38,80.73,83.50,75.14,80.77
3/23/20,6856.91,80.73,84.94,72.65,78.48
3/24/20,10725.75,119.08,90.07,78.74,82.30
3/25/20,11073.28,119.08,92.99,82.26,84.65
3/26/20,11454.98,119.08,96.19,84.32,86.03
3/27/20,11600.36,119.08,97.42,80.76,83.51
3/30/20,11089.25,119.08,93.12,81.26,83.87
3/31/20,11127.22,119.08,93.44,81.59,84.11
4/1/20,10767.97,119.08,90.43,78.08,81.64
4/2/20,10682.25,119.08,89.71,78.34,81.82
4/3/20,10242.60,119.08,86.01,77.10,80.96
4/6/20,10560.30,119.08,88.68,80.66,83.49
4/7/20,10708.59,119.08,89.93,82.37,84.69
4/8/20,10671.16,119.08,89.61,82.45,84.75
4/9/20,10792.66,119.08,90.63,83.64,85.59
4/14/20,10593.99,119.08,88.96,83.96,85.81
4/15/20,10313.18,119.08,86.61,80.80,83.65
4/16/20,10255.74,119.08,86.12,80.73,83.60
4/17/20,10449.92,119.08,87.75,83.50,85.53
4/20/20,10406.32,119.08,87.39,84.04,85.91
4/21/20,10189.68,119.08,85.57,80.87,83.72
4/22/20,10270.10,119.08,86.24,81.88,84.43
4/23/20,10443.92,119.08,87.70,82.61,84.94
4/24/20,10257.71,119.08,86.14,81.54,84.20
4/27/20,10415.88,119.08,87.47,83.61,85.66
4/28/20,10545.68,119.08,88.56,84.81,86.50
4/29/20,10832.91,119.08,90.97,86.69,87.82
4/30/20,10516.69,119.08,88.32,84.85,86.55
5/4/20,10216.31,119.08,85.79,81.26,84.08
5/5/20,10382.83,119.08,87.19,83.20,85.45
5/6/20,10250.46,119.08,86.08,82.28,84.81
5/7/20,10334.60,119.08,86.79,83.54,85.69
5/8/20,10384.83,119.08,87.21,84.44,86.31
5/11/20,10273.06,119.08,86.27,83.33,85.55
5/12/20,10260.72,119.08,86.17,83.00,85.32
5/13/20,10093.21,119.08,84.76,80.64,83.68
5/14/20,9995.45,119.08,83.94,79.30,82.76
5/15/20,10015.49,119.08,84.11,79.39,82.81
5/18/20,10380.96,119.08,87.18,83.48,85.73
5/19/20,10044.41,119.08,84.35,82.74,85.22
5/20/20,10123.22,119.08,85.01,83.46,85.72
5/21/20,9996.36,119.08,83.95,82.50,85.06
5/22/20,10064.19,119.08,84.52,82.49,85.05
5/25/20,10225.63,119.08,85.87,84.26,86.28
5/26/20,10412.09,119.08,87.44,85.49,87.14
5/27/20,10669.75,119.08,89.60,87.02,88.22
5/28/20,10648.00,119.08,89.42,88.55,89.31
5/29/20,10419.02,119.08,87.49,87.14,88.28
6/1/20,10627.56,119.08,89.25,88.39,89.20
6/2/20,10859.11,119.08,91.19,90.18,90.52
6/3/20,11150.76,119.08,93.64,93.21,93.03
6/4/20,11232.00,119.08,94.32,93.02,92.87
6/5/20,11693.78,119.08,98.20,96.47,95.74
6/8/20,11899.88,119.08,99.93,96.05,95.41
6/9/20,11526.11,119.08,96.79,94.56,94.20
6/10/20,11400.05,119.08,95.73,93.79,93.58
6/11/20,10893.84,119.08,91.48,89.37,90.04
6/12/20,11023.06,119.08,92.57,89.81,90.40
6/15/20,10981.10,119.08,92.21,89.37,90.05
6/16/20,11180.42,119.08,93.89,91.91,92.11
6/17/20,11113.05,119.08,93.32,92.72,92.76
6/18/20,11037.24,119.08,92.69,92.03,92.21
6/19/20,10928.77,119.08,91.78,92.41,92.52
6/22/20,10845.21,119.08,91.07,91.84,92.06
6/23/20,11030.16,119.08,92.63,93.12,93.09
6/24/20,10720.10,119.08,90.02,90.41,90.92
6/25/20,10928.54,119.15,91.72,91.28,91.63
6/26/20,10825.75,119.15,90.86,91.12,91.50
6/29/20,10929.71,119.15,91.73,91.78,92.03
6/30/20,10824.95,119.15,90.85,91.61,91.89
7/1/20,10803.93,119.15,90.68,91.44,91.76
7/2/20,11029.34,119.15,92.57,93.71,93.59
7/3/20,10967.56,119.15,92.05,92.93,92.96
7/6/20,11027.40,118.53,93.03,94.31,94.07
7/7/20,10972.30,118.53,92.57,93.61,93.51
7/8/20,10827.00,118.53,91.34,92.44,92.58
7/9/20,10592.68,118.53,89.37,91.33,91.69
7/10/20,10722.34,118.53,90.46,92.25,92.43
7/13/20,10851.04,118.53,91.55,93.84,93.70
7/14/20,10810.26,118.53,91.20,92.93,92.98
7/15/20,10944.06,118.53,92.33,94.82,94.49
7/16/20,11827.63,127.67,92.64,94.38,94.13
7/17/20,11775.43,127.67,92.23,94.08,93.89
7/20/20,11695.54,127.67,91.61,94.52,94.25
7/21/20,11771.06,127.67,92.20,94.73,94.42
7/22/20,11674.17,127.67,91.44,93.48,93.41
7/23/20,11517.85,127.67,90.22,93.42,93.35
7/24/20,11331.96,127.67,88.76,91.99,91.98
7/27/20,11153.53,127.67,87.36,91.67,91.69
7/28/20,11178.34,127.67,87.56,91.48,91.50
7/29/20,11129.47,127.67,87.17,92.03,92.02
7/30/20,10821.73,127.67,84.76,90.07,90.12
7/31/20,10668.58,127.67,83.56,88.78,88.87
8/3/20,10805.63,127.67,84.64,90.49,90.53
8/4/20,11038.54,127.67,86.46,90.74,90.78
8/5/20,11197.30,127.67,87.70,91.56,91.57
8/6/20,11165.84,127.67,87.46,90.66,90.70
8/7/20,11183.69,127.67,87.60,90.74,90.78
8/10/20,11369.43,127.67,89.05,91.12,91.15
8/11/20,11649.34,127.67,91.25,93.31,93.34
8/12/20,11716.52,127.67,91.77,94.16,94.18
8/13/20,11658.88,127.67,91.32,93.58,93.61
8/14/20,11518.96,127.67,90.22,92.11,92.14
8/17/20,11493.30,127.67,90.02,92.27,92.31
8/18/20,11304.71,127.67,88.55,91.64,91.68
8/19/20,11400.43,127.67,89.30,92.37,92.40
8/20/20,11170.17,127.67,87.49,91.15,91.18
8/21/20,11140.71,127.67,87.26,90.87,90.91
8/24/20,11486.23,127.67,89.97,92.94,92.97
8/25/20,11426.78,127.67,89.50,92.95,92.98
8/26/20,11444.43,127.67,89.64,93.69,93.72
8/27/20,11437.91,127.67,89.59,93.09,93.12
8/28/20,11504.93,127.67,90.11,92.85,92.88
8/31/20,11308.71,127.67,88.58,91.81,91.85
9/1/20,11169.22,127.67,87.48,91.65,91.68
9/2/20,11356.59,127.67,88.95,93.38,93.41
9/3/20,11364.84,127.67,89.02,92.97,93.00
9/4/20,11406.88,127.67,89.35,92.15,92.18
9/7/20,11568.05,127.67,90.61,93.79,93.82
9/8/20,11294.83,127.67,88.47,92.30,92.34
9/9/20,11312.95,127.67,88.61,93.59,93.62
9/10/20,11280.55,127.67,88.36,93.24,93.27
9/11/20,11147.99,127.67,87.32,93.43,93.46
9/14/20,11513.66,129.89,88.64,93.76,93.78
9/15/20,11422.36,129.89,87.94,94.06,94.07
9/16/20,11423.42,129.89,87.95,94.18,94.19
9/17/20,11379.90,129.89,87.61,93.53,93.56
9/18/20,11573.85,134.36,86.14,92.39,92.47
9/21/20,11042.52,134.36,82.18,88.93,89.20
9/22/20,11025.32,134.36,82.06,88.58,88.86
9/23/20,10975.31,134.36,81.68,89.12,89.38
9/24/20,10793.41,134.36,80.33,88.39,88.68
9/25/20,10733.73,134.36,79.89,87.78,88.10
9/28/20,11053.85,134.36,82.27,89.89,90.10
9/29/20,10880.12,134.36,80.98,89.68,89.90
9/30/20,10999.91,134.36,81.87,89.15,89.36
10/1/20,10907.47,134.36,81.18,89.53,89.75
10/2/20,10933.98,134.36,81.38,89.54,89.76
10/5/20,11149.28,134.36,82.98,90.42,90.63
10/6/20,11402.46,134.36,84.86,90.85,91.07
10/7/20,11379.82,134.36,84.69,90.60,90.82
10/8/20,11547.83,134.36,85.94,91.16,91.38
10/9/20,11491.51,134.36,85.53,91.81,92.02
10/12/20,11578.27,134.36,86.17,92.41,92.63
10/13/20,11278.79,134.36,83.94,91.82,92.04
10/14/20,11323.73,134.36,84.28,91.71,91.93
10/15/20,11117.38,134.36,82.74,89.78,89.99
10/16/20,11229.11,134.36,83.57,91.60,91.82
10/19/20,11195.34,134.36,83.32,91.73,91.95
10/20/20,11333.15,134.36,84.35,91.48,91.70
10/21/20,11121.11,134.36,82.77,90.08,90.30
10/22/20,11165.51,134.36,83.10,90.04,90.25
10/23/20,11324.58,134.36,84.28,91.12,91.34
10/26/20,11083.41,134.36,82.49,89.38,89.60
10/27/20,10746.52,134.36,79.98,87.80,88.01
10/28/20,10347.69,134.36,77.01,84.83,85.05
10/29/20,10318.73,134.36,76.80,84.81,85.03
10/30/20,10497.71,134.36,78.13,85.26,85.48
11/2/20,10791.33,134.36,80.31,87.06,87.28
11/3/20,11114.13,134.36,82.72,89.19,89.41
11/4/20,11244.41,134.36,83.69,91.36,91.58
11/5/20,11356.49,134.36,84.52,92.50,92.72
11/6/20,11337.12,134.36,84.38,92.07,92.29
11/9/20,12392.51,134.36,92.23,99.04,99.26
11/10/20,12869.05,134.36,95.78,100.57,100.79
11/11/20,12831.83,134.36,95.50,101.06,101.28
11/12/20,12634.91,134.36,94.04,99.52,99.74
11/13/20,12798.12,134.36,95.25,99.85,100.07
11/16/20,13297.37,134.36,98.97,101.54,101.76
11/17/20,13404.21,134.36,99.76,101.76,101.98
11/18/20,13385.64,134.36,99.62,102.29,102.51
11/19/20,13263.98,134.36,98.72,101.60,101.82
11/20/20,13244.97,134.36,98.58,102.00,102.22
11/23/20,13395.57,134.36,99.70,101.93,102.15
11/24/20,13797.82,134.36,102.69,103.16,103.37
11/25/20,13882.74,134.36,103.32,103.40,103.61
11/26/20,13752.20,134.36,102.35,103.31,103.53
11/27/20,17431.73,168.97,103.16,103.90,103.99
11/30/20,17115.88,168.97,101.29,102.42,102.83
12/1/20,17399.24,168.97,102.97,103.59,103.75
12/2/20,17542.23,168.97,103.82,103.61,103.77
12/3/20,17568.97,168.97,103.97,103.45,103.65
12/4/20,17722.07,168.97,104.88,104.10,104.16
12/7/20,17619.68,168.97,104.27,103.44,103.63
12/8/20,17526.45,168.97,103.72,103.20,103.45
12/9/20,17584.05,168.97,104.06,102.94,103.24
12/10/20,17552.34,168.97,103.88,103.00,103.29
12/11/20,17335.79,168.97,102.59,102.21,102.67
12/14/20,17381.24,168.97,102.86,102.59,102.97
12/15/20,17511.43,168.97,103.63,102.64,103.00
12/16/20,17572.18,168.97,103.99,102.96,103.26
12/17/20,17577.15,168.97,104.02,102.99,103.28
12/18/20,17435.57,168.97,103.18,102.59,102.97
12/21/20,17078.44,168.97,101.07,100.09,101.00
12/22/20,17178.94,168.97,101.67,101.46,102.08
12/23/20,17489.32,168.97,103.50,102.59,102.98
12/24/20,17565.54,168.97,103.95,102.48,102.90
12/28/20,17650.42,168.97,104.46,103.71,103.88
12/29/20,17695.49,168.97,104.72,104.15,104.22
12/30/20,17580.67,168.97,104.04,103.92,104.04
12/31/20,18668.16,180.09,103.66,103.03,103.38
1/4/21,18749.67,180.09,104.11,103.72,103.90
1/5/21,18801.92,180.09,104.40,103.27,103.56
1/6/21,19154.23,180.09,106.36,104.50,104.48
1/7/21,19420.33,180.09,107.84,105.23,105.02
1/8/21,19477.85,180.09,108.15,105.91,105.54
1/11/21,19304.88,180.09,107.19,105.09,104.92
1/12/21,19398.76,180.09,107.72,104.88,104.77
1/13/21,19400.86,180.09,107.73,105.09,104.93
1/14/21,19549.96,180.09,108.56,105.44,105.18
1/15/21,19408.01,180.09,107.77,104.15,104.22
1/18/21,19791.37,183.04,108.13,104.25,104.30
1/19/21,19786.94,183.04,108.10,103.90,104.04
1/20/21,19866.99,183.04,108.54,104.46,104.45
1/21/21,19708.42,183.04,107.67,103.76,103.94
1/22/21,19447.60,182.58,106.51,103.18,103.51
1/25/21,19093.84,182.11,104.85,101.56,102.32
1/26/21,19173.16,182.11,105.28,102.51,103.02
1/27/21,19093.24,182.11,104.84,101.32,102.15
1/28/21,19289.30,183.05,105.38,102.27,102.84
1/29/21,19189.12,183.05,104.83,100.20,101.33
2/1/21,19238.08,183.05,105.10,101.36,102.18
2/2/21,19531.17,183.05,106.70,103.25,103.58
2/3/21,19655.41,183.05,107.38,103.24,103.58
2/4/21,19765.72,183.05,107.98,104.09,104.20
2/5/21,19880.24,183.05,108.61,105.03,104.90
2/8/21,19975.30,183.05,109.13,105.53,105.27
2/9/21,20078.52,183.05,109.69,105.63,105.34
2/10/21,20128.69,183.05,109.97,105.24,105.06
2/11/21,20397.93,183.05,111.44,105.23,105.04
2/12/21,20382.19,183.05,111.35,105.85,105.51
2/15/21,20682.37,183.05,112.99,107.39,106.65
2/16/21,20642.01,183.05,112.77,107.39,106.66
2/17/21,20694.56,183.05,113.06,107.01,106.37
2/18/21,20578.19,183.05,112.42,106.31,105.85
2/19/21,20709.10,183.05,113.14,107.15,106.48
2/22/21,20862.68,183.05,113.97,107.04,106.40
2/23/21,20925.32,183.05,114.32,107.27,106.57
2/24/21,21079.79,183.05,115.16,107.60,106.82
2/25/21,21154.01,183.05,115.57,107.34,106.62
2/26/21,20935.16,183.05,114.37,105.85,105.51
3/1/21,21147.05,183.05,115.53,107.51,106.76
3/2/21,21167.60,183.05,115.64,107.82,106.99
3/3/21,21402.06,183.05,116.92,108.20,107.28
3/4/21,21448.69,183.05,117.18,108.21,107.28
3/5/21,21333.52,183.05,116.55,107.32,106.62
3/8/21,21616.37,183.05,118.09,109.55,108.30
3/9/21,21591.87,183.05,117.96,109.96,108.61
3/10/21,21705.57,183.05,118.58,111.18,109.52
3/11/21,21629.10,183.05,118.16,111.98,110.12
3/12/21,21755.57,183.05,118.85,112.22,110.30
3/15/21,21698.68,183.05,118.54,112.02,110.15
3/16/21,21633.81,183.05,118.19,112.38,110.42
3/17/21,21624.22,183.05,118.14,112.37,110.42
3/18/21,21720.38,183.05,118.66,112.52,110.53
3/19/21,21522.89,183.05,117.58,111.32,109.63
3/22/21,21419.93,183.05,117.02,110.77,109.22
3/23/21,21286.48,183.05,116.29,110.34,108.90
3/24/21,21326.13,183.05,116.51,110.38,108.93
3/25/21,21233.56,183.05,116.00,110.47,109.00
3/26/21,21396.26,183.05,116.89,111.15,109.50
3/29/21,21414.15,183.05,116.99,111.64,109.87
3/30/21,21632.80,183.05,118.18,112.99,110.88
3/31/21,21505.25,183.05,117.49,112.60,110.59
4/1/21,21688.82,183.05,118.49,113.26,111.09
4/6/21,21718.03,183.05,118.65,113.79,111.48
4/7/21,21737.72,183.05,118.76,113.78,111.47
4/8/21,21698.72,183.05,118.54,114.43,111.96
4/9/21,21620.19,183.05,118.11,114.50,112.01
4/12/21,21728.10,183.05,118.70,114.35,111.90
4/13/21,21752.24,183.05,118.83,114.77,112.21
4/14/21,21787.68,183.05,119.03,115.22,112.55
4/15/21,21756.88,183.05,118.86,115.70,112.90
4/16/21,21913.48,183.05,119.72,116.68,113.63
4/19/21,21931.77,183.05,119.82,116.86,113.77
4/20/21,21526.67,183.05,117.60,114.42,111.96
4/21/21,21484.75,183.05,117.37,115.26,112.59
4/22/21,21542.61,183.05,117.69,116.31,113.37
4/23/21,21592.17,183.05,117.96,116.14,113.24
4/26/21,21822.14,183.05,119.22,116.47,113.48
4/27/21,21878.79,183.05,119.53,116.43,113.46
4/28/21,22012.20,183.05,120.25,117.05,113.92
4/29/21,21999.88,183.05,120.19,116.97,113.86
4/30/21,21938.90,183.05,119.85,116.35,113.40
5/3/21,22005.64,183.05,120.22,117.07,113.93
5/4/21,21850.42,183.05,119.37,116.03,113.16
5/5/21,22116.74,183.05,120.83,117.65,114.37
5/6/21,22351.76,183.05,122.11,117.98,114.62
5/7/21,22431.11,183.05,122.54,118.51,115.01
5/10/21,24701.24,200.83,123.00,118.52,115.01
5/11/21,24393.63,200.83,121.46,116.32,113.53
5/12/21,24607.34,200.83,122.53,116.54,113.68
5/13/21,24567.82,200.83,122.33,116.70,113.79
5/14/21,24721.71,200.83,123.10,118.50,115.01
5/17/21,24672.16,200.83,122.85,118.17,114.79
5/18/21,24706.32,200.83,123.02,117.92,114.62
5/19/21,24446.85,200.83,121.73,116.23,113.48
5/20/21,24537.02,200.83,122.18,117.73,114.50
5/21/21,24660.07,200.83,122.79,118.52,115.04
5/24/21,25242.64,205.47,122.85,118.93,115.31
5/25/21,25186.50,205.47,122.58,118.60,115.08
5/26/21,25153.11,205.47,122.42,118.62,115.10
5/27/21,26235.51,212.55,123.43,119.44,115.62
5/28/21,26333.97,212.55,123.90,120.34,116.19
5/31/21,26291.04,212.55,123.69,119.65,115.76
6/1/21,26473.41,212.55,124.55,120.44,116.26
6/2/21,26497.49,212.55,124.67,121.03,116.64
6/3/21,26530.57,212.55,124.82,120.78,116.48
6/4/21,25111.29,212.55,118.14,120.92,116.57
6/7/21,26541.42,212.55,124.87,121.44,116.90
6/8/21,26515.73,212.55,124.75,121.58,116.98
6/9/21,26518.39,212.55,124.76,121.81,117.13
6/10/21,26504.54,212.55,124.70,121.50,116.93
6/11/21,26643.80,212.55,125.35,122.50,117.57
6/14/21,26645.35,212.55,125.36,122.79,117.75
6/15/21,26599.78,212.55,125.15,123.22,118.02
6/16/21,26507.50,212.55,124.71,123.47,118.18
6/17/21,26566.59,212.55,124.99,123.72,118.34
6/18/21,26236.95,212.55,123.44,121.92,117.21
6/21/21,26280.18,212.55,123.64,122.54,117.56
6/22/21,26310.99,212.55,123.79,122.70,117.65
6/23/21,26938.40,218.66,123.20,121.58,117.05
6/24/21,27102.74,218.66,123.95,123.07,117.89
6/25/21,27094.32,218.66,123.91,122.91,117.81
6/28/21,26819.64,218.66,122.65,121.71,117.13
6/29/21,26917.97,218.66,123.10,121.88,117.23
6/30/21,26790.94,218.66,122.52,120.78,116.61
7/1/21,27035.12,218.66,123.64,121.63,117.09
7/2/21,27031.38,218.66,123.62,121.61,117.08
7/5/21,27142.38,218.66,124.13,121.89,117.24
7/6/21,26935.36,218.66,123.18,120.77,116.61
7/7/21,26908.03,218.66,123.06,121.15,116.82
7/8/21,26663.32,218.66,121.94,118.72,115.46
7/9/21,26922.83,218.66,123.12,121.18,116.86
7/12/21,26945.89,218.66,123.23,121.73,117.17
7/13/21,26872.47,218.66,122.89,121.72,117.16
7/14/21,26808.26,218.66,122.60,121.72,117.16
7/15/21,26692.66,218.66,122.07,120.51,116.49
7/16/21,26619.15,218.66,121.74,119.89,116.14
7/19/21,26097.17,218.66,119.35,116.85,114.45
7/20/21,26206.76,218.66,119.85,117.79,114.98
7/21/21,26587.66,218.66,121.59,119.97,116.22
7/22/21,26590.25,218.66,121.60,120.29,116.40
7/23/21,26784.08,218.66,122.49,121.91,117.31
7/26/21,26920.89,218.66,123.11,122.09,117.41
7/27/21,26827.00,218.66,122.69,121.23,116.93
7/28/21,26955.08,218.66,123.27,122.66,117.74
7/29/21,27160.47,218.66,124.21,123.12,118.00
7/30/21,27064.52,218.66,123.77,122.73,117.78
8/2/21,27188.81,218.66,124.34,123.90,118.44
8/3/21,27361.16,218.66,125.13,124.79,118.94
8/4/21,27496.27,218.66,125.75,125.20,119.18
8/5/21,27567.29,218.66,126.07,125.85,119.55
8/6/21,27590.90,218.66,126.18,126.52,119.92
8/9/21,27550.09,218.66,125.99,126.45,119.88
8/10/21,27543.59,218.66,125.96,126.58,119.96
8/11/21,27680.01,218.66,126.59,127.28,120.35
8/12/21,27734.72,218.66,126.84,127.73,120.61
8/13/21,27779.18,218.66,127.04,127.98,120.75
8/16/21,27665.32,218.66,126.52,126.92,120.15
8/17/21,27509.99,218.66,125.81,126.57,119.95
8/18/21,27564.28,218.66,126.06,125.65,119.43
8/19/21,27249.46,218.66,124.62,122.60,117.72
8/20/21,27233.33,218.66,124.54,122.97,117.94
8/23/21,27365.26,218.66,125.15,124.03,118.54
8/24/21,27408.91,218.66,125.35,123.68,118.34
8/25/21,27525.57,218.66,125.88,123.91,118.47
8/26/21,27474.68,218.66,125.65,123.71,118.36
8/27/21,27474.57,218.66,125.65,124.01,118.53
8/30/21,27428.09,218.66,125.43,124.11,118.58
8/31/21,27452.24,218.66,125.54,123.98,118.51
9/1/21,27582.00,218.66,126.14,125.43,119.34
9/2/21,27596.41,218.66,126.20,125.52,119.38
9/3/21,27422.46,218.66,125.41,124.16,118.62
9/6/21,27420.57,218.66,125.40,125.15,119.18
9/7/21,27388.14,218.66,125.25,124.83,119.00
9/8/21,27294.18,218.66,124.82,123.77,118.40
9/9/21,27338.57,218.66,125.03,124.06,118.57
9/10/21,27233.26,218.66,124.54,123.67,118.35
9/13/21,29597.96,236.16,125.33,123.92,118.50
9/14/21,29519.97,236.16,125.00,123.47,118.22
9/15/21,29480.57,236.16,124.83,122.18,117.42
9/16/21,29524.32,236.16,125.02,122.91,117.87
9/17/21,29345.30,236.16,124.26,121.94,117.27
9/20/21,29075.43,236.16,123.12,119.81,115.95
9/21/21,29748.83,240.73,123.58,121.61,117.09
9/22/21,30041.23,240.73,124.79,123.18,118.09
9/23/21,30259.67,240.73,125.70,124.38,118.85
9/24/21,30237.98,240.73,125.61,123.20,118.11
9/27/21,30439.62,240.73,126.45,123.43,118.25
9/28/21,30096.75,240.73,125.02,120.75,116.56
9/29/21,30236.61,240.73,125.60,121.76,117.20
9/30/21,30193.73,240.73,125.42,121.00,116.72
10/1/21,30047.49,240.73,124.82,120.96,116.69
10/4/21,29962.12,240.73,124.46,120.22,116.22
10/5/21,30234.43,240.73,125.59,122.05,117.39
10/6/21,29951.51,240.73,124.42,120.51,116.35
10/7/21,30236.07,240.73,125.60,122.49,117.70
10/8/21,30262.81,240.73,125.71,121.75,117.20
10/11/21,30317.54,240.73,125.94,121.94,117.33
10/12/21,30267.73,240.73,125.73,121.53,117.05
10/13/21,30226.76,240.73,125.56,122.44,117.67
10/14/21,30454.79,240.73,126.51,124.07,118.78
10/15/21,30618.51,240.73,127.19,124.86,119.31
10/18/21,30549.07,240.73,126.90,123.85,118.63
10/19/21,30599.72,240.73,127.11,123.79,118.59
10/20/21,30646.86,240.73,127.31,124.45,119.04
10/21/21,30506.50,240.73,126.72,124.09,118.79
10/22/21,30563.48,240.73,126.96,124.97,119.39
10/25/21,30524.10,240.73,126.80,124.58,119.13
10/26/21,30629.69,240.73,127.24,125.58,119.81
10/27/21,30577.81,240.73,127.02,125.34,119.64
10/28/21,30615.74,240.73,127.18,126.28,120.28
10/29/21,30693.32,240.73,127.50,126.76,120.61
11/1/21,30901.98,240.73,128.37,127.93,121.40
11/2/21,30932.07,240.73,128.49,128.56,121.83
11/3/21,30924.82,240.73,128.46,129.00,122.12
11/4/21,31180.13,240.73,129.52,129.69,122.59
11/5/21,31336.18,240.73,130.17,130.67,123.26
11/8/21,31260.29,240.73,129.85,130.79,123.34
11/9/21,31226.27,240.73,129.71,130.72,123.29
11/10/21,31328.92,240.73,130.14,130.75,123.31
11/11/21,31258.61,240.73,129.85,131.02,123.49
11/12/21,31201.82,240.73,129.61,131.61,123.89
11/15/21,31321.39,240.73,130.11,132.30,124.36
11/16/21,31249.66,240.73,129.81,132.74,124.66
11/17/21,31148.86,240.73,129.39,132.82,124.71
11/18/21,31018.36,240.73,128.85,132.55,124.52
11/19/21,30745.48,240.73,127.72,132.00,124.14
11/22/21,30737.54,240.73,127.68,131.86,124.04
11/23/21,30702.03,240.73,127.54,130.74,123.26
11/24/21,30704.02,240.73,127.54,130.70,123.23
11/25/21,30826.25,240.73,128.05,131.32,123.67
11/26/21,29764.69,240.73,123.64,125.08,119.36
11/29/21,29796.54,240.73,123.77,125.76,119.88
11/30/21,29560.20,240.73,122.79,124.74,119.08
12/1/21,29992.38,240.73,124.59,127.72,121.43
12/2/21,29873.26,240.73,124.09,126.12,120.18
12/3/21,29880.53,240.73,124.12,125.56,119.74
12/6/21,30338.33,240.73,126.02,127.42,121.20
12/7/21,30713.81,240.73,127.58,131.13,124.12
12/8/21,30723.68,240.73,127.63,130.18,123.38
12/9/21,30687.55,240.73,127.48,130.07,123.28
12/10/21,30643.91,240.73,127.29,129.76,123.04
12/13/21,30390.11,240.73,126.24,128.85,122.30
12/14/21,30330.40,240.73,125.99,127.97,121.57
12/15/21,30929.00,245.03,126.22,128.57,122.06
12/16/21,31248.55,245.03,127.53,130.01,123.24
12/17/21,31179.18,245.03,127.24,128.55,122.05
12/20/21,30775.75,245.03,125.60,127.50,121.17
12/21/21,31142.65,245.03,127.10,129.26,122.65
12/22/21,31379.07,245.03,128.06,130.87,124.00
12/23/21,31689.94,245.03,129.33,131.88,124.91
12/24/21,31946.59,247.36,129.15,131.52,124.58
12/27/21,37012.56,285.98,129.42,132.52,125.36
12/28/21,37188.46,285.98,130.04,133.27,125.97
12/29/21,37162.84,285.98,129.95,132.91,125.65
12/30/21,37152.21,285.98,129.91,133.13,125.84
12/31/21,37216.21,285.98,130.13,132.75,125.51
1/3/22,37578.72,285.98,131.40,133.94,126.57
1/4/22,38260.17,285.98,133.78,135.80,128.24
1/5/22,38452.33,285.98,134.46,136.90,129.22
1/6/22,38427.24,285.98,134.37,134.55,127.12
1/7/22,38581.59,285.98,134.91,133.99,126.61
1/10/22,38364.42,285.98,134.15,132.06,124.89
1/11/22,38570.74,285.98,134.87,133.32,126.01
1/12/22,38799.13,285.98,135.67,134.31,126.91
1/13/22,39065.01,285.98,136.60,133.65,126.31
1/14/22,39076.10,285.98,136.64,132.57,125.34
1/17/22,39245.77,285.98,137.23,133.65,126.32
1/18/22,39107.47,285.98,136.75,132.40,125.19
1/19/22,39004.23,285.98,136.39,133.12,125.84
1/20/22,39099.78,285.98,136.72,133.52,126.20
1/21/22,38518.06,285.98,134.69,131.19,124.11
1/24/22,37124.40,285.98,129.81,125.97,119.45
1/25/22,37462.93,285.98,131.00,126.91,120.28
1/26/22,38211.12,285.98,133.61,129.58,122.68
1/27/22,38284.14,285.98,133.87,130.35,123.38
1/28/22,37993.38,285.98,132.85,129.28,122.41
1/31/22,38065.25,285.98,133.10,129.90,122.97
2/1/22,38552.04,285.98,134.80,131.76,124.66
2/2/22,38604.27,285.98,134.99,132.05,124.93
2/3/22,38388.93,285.98,134.23,130.02,123.08
2/4/22,38048.69,285.98,133.04,129.01,122.16
2/7/22,38299.37,285.98,133.92,130.08,123.14
2/8/22,38600.77,285.98,134.98,130.44,123.46
2/9/22,39140.91,285.98,136.86,132.34,125.19
2/10/22,39429.60,285.98,137.87,131.80,124.70
2/11/22,39196.90,285.98,137.06,130.13,123.18
2/14/22,38337.42,285.98,134.05,127.17,120.49
2/15/22,38829.93,285.98,135.78,129.54,122.65
2/16/22,38836.29,285.98,135.80,129.26,122.40
2/17/22,38461.11,285.98,134.49,128.93,122.09
2/18/22,38302.77,285.98,133.93,128.61,121.80
2/21/22,37639.01,285.98,131.61,125.98,119.42
2/22/22,37445.80,285.98,130.94,125.97,119.41
2/23/22,37395.29,285.98,130.76,125.84,119.29
2/24/22,35912.56,285.98,125.58,121.02,114.92
2/25/22,37062.14,285.98,129.60,125.32,118.83
2/28/22,36448.45,285.98,127.45,123.58,117.25
3/1/22,35278.28,285.98,123.36,118.71,112.83
3/2/22,35469.19,285.98,124.03,120.60,114.55
3/3/22,34963.40,285.98,122.26,118.38,112.53
3/4/22,33473.94,285.98,117.05,112.50,107.20
3/7/22,32791.54,285.98,114.66,111.02,105.86
3/8/22,33016.42,285.98,115.45,110.67,105.54
3/9/22,34447.22,285.98,120.45,118.55,112.72
3/10/22,34114.27,285.98,119.29,115.20,109.68
3/11/22,35411.00,294.29,120.33,116.18,110.55
3/14/22,35825.28,294.29,121.73,118.22,112.35
3/15/22,35822.34,294.29,121.72,117.94,112.10
3/16/22,36650.79,294.29,124.54,122.28,115.94
3/17/22,36672.33,294.29,124.61,122.72,116.33
3/18/22,36655.14,294.29,124.55,122.86,116.45
3/21/22,36609.75,294.29,124.40,122.16,115.83
3/22/22,37033.33,294.29,125.84,123.59,117.09
3/23/22,36740.01,294.29,124.84,122.14,115.82
3/24/22,36565.38,294.29,124.25,121.67,115.40
3/25/22,36725.01,294.29,124.79,121.63,115.37
3/28/22,36755.76,294.29,124.89,122.29,115.95
3/29/22,37605.98,294.29,127.78,126.06,119.27
3/30/22,37304.02,294.29,126.76,125.12,118.45
3/31/22,36911.08,294.29,125.42,123.60,117.11
4/1/22,37031.07,294.29,125.83,124.05,117.51
4/4/22,37087.15,294.29,126.02,124.93,118.28
4/5/22,36494.24,294.29,124.01,123.33,116.88
4/6/22,35892.69,294.29,121.96,120.61,114.48
4/7/22,35676.92,294.29,121.23,119.92,113.88
4/8/22,36021.46,294.29,122.40,121.53,115.29
4/11/22,36359.08,294.29,123.55,121.67,115.42
4/12/22,36250.54,294.29,123.18,121.33,115.12
4/13/22,36293.83,294.29,123.33,121.41,115.19
4/14/22,36398.23,294.29,123.68,122.29,115.97
4/19/22,36395.82,294.29,123.67,121.28,115.07
4/20/22,36956.76,294.29,125.58,122.95,116.55
4/21/22,37303.48,294.29,126.76,124.62,118.02
4/22/22,36921.55,294.29,125.46,122.14,115.84
4/25/22,36545.48,294.29,124.18,119.69,113.68
4/26/22,36264.43,294.29,123.23,119.05,113.11
4/27/22,36102.39,294.29,122.67,119.62,113.62
4/28/22,36479.92,294.29,123.96,120.78,114.64
4/29/22,36709.65,294.29,124.74,121.26,115.06
5/2/22,36377.96,294.29,123.61,119.25,113.30
5/3/22,36830.03,294.29,125.15,120.19,114.12
5/4/22,36561.00,294.29,124.23,118.70,112.81
5/5/22,36433.02,294.29,123.80,118.19,112.36
5/6/22,36192.28,294.29,122.98,116.15,110.57
5/9/22,35453.32,294.29,120.47,112.95,107.76
5/10/22,35542.85,294.29,120.77,113.52,108.27
5/11/22,36083.27,294.29,122.61,116.36,110.80
5/12/22,35722.31,294.29,121.38,115.18,109.75
5/13/22,36429.01,294.29,123.78,118.08,112.35
5/16/22,36468.58,294.29,123.92,117.81,112.10
5/17/22,36785.32,294.29,125.00,119.34,113.46
5/18/22,36470.21,294.29,123.92,117.90,112.19
5/19/22,36005.56,294.29,122.35,116.41,110.86
5/20/22,36155.45,294.29,122.86,116.65,111.07
5/23/22,36512.39,294.29,124.07,118.01,112.28
5/24/22,36195.63,294.29,122.99,116.05,110.54
5/25/22,36710.27,294.29,124.74,116.90,111.29
5/26/22,37121.48,294.29,126.14,118.97,113.14
5/27/22,38581.73,302.65,127.48,120.93,114.85
5/30/22,38778.36,302.65,128.13,121.79,115.61
5/31/22,38571.10,302.65,127.45,120.05,114.09
6/1/22,38408.61,302.65,126.91,119.13,113.28
6/2/22,38660.47,302.65,127.74,120.64,114.61
6/3/22,38665.85,302.65,127.76,120.36,114.36
6/6/22,38941.63,302.65,128.67,121.54,115.42
6/7/22,38912.49,302.65,128.57,120.64,114.61
6/8/22,38795.39,302.65,128.19,119.68,113.75
6/9/22,38448.35,302.65,127.04,118.01,112.24
6/10/22,37459.83,302.65,123.77,114.83,109.39
6/13/22,36493.54,302.65,120.58,111.77,106.64
6/14/22,36293.04,302.65,119.92,110.42,105.44
6/15/22,36630.23,302.65,121.03,111.91,106.78
6/16/22,35725.54,302.65,118.04,109.24,104.38
6/17/22,35801.75,302.65,118.30,109.18,104.32
6/20/22,36070.21,302.65,119.18,109.87,104.95
6/21/22,36287.88,302.65,119.90,110.70,105.69
6/22/22,35985.54,302.65,118.90,109.81,104.89
6/23/22,36854.76,315.50,116.81,109.19,104.36
6/24/22,37496.97,315.50,118.85,112.71,107.56
6/27/22,37614.77,315.50,119.22,112.23,107.12
6/28/22,37907.22,315.50,120.15,112.95,107.77
6/29/22,37464.32,315.50,118.74,111.94,106.86
6/30/22,36859.26,315.50,116.83,109.92,105.05
7/1/22,36897.64,315.50,116.95,110.07,105.18
7/4/22,36978.72,315.50,117.21,110.51,105.58
7/5/22,36090.62,315.50,114.39,107.55,102.92
7/6/22,36358.23,315.50,115.24,109.73,104.88
7/7/22,37157.28,315.50,117.77,111.48,106.45
7/8/22,37478.98,315.50,118.79,111.97,106.89
7/11/22,37048.98,315.50,117.43,111.28,106.31
7/12/22,37203.21,315.50,117.92,112.17,107.06
7/13/22,43287.60,369.97,117.00,111.36,106.36
7/15/22,43212.26,369.97,116.80,112.02,106.93
7/18/22,43779.51,369.97,118.33,113.06,107.82
7/19/22,44494.24,370.02,120.25,115.09,109.57
7/20/22,44425.23,370.02,120.06,114.78,109.30
7/21/22,44256.24,370.02,119.61,115.09,109.56
7/22/22,48146.77,403.54,119.31,115.38,109.79
7/25/22,48196.27,403.54,119.43,115.76,110.11
7/26/22,47775.20,403.54,118.39,115.28,109.71
7/27/22,48209.31,403.54,119.47,116.14,110.42
7/28/22,48426.77,403.54,120.00,117.65,111.70
7/29/22,49185.00,403.54,121.88,119.68,113.42
8/1/22,49014.65,403.54,121.46,119.46,113.24
8/2/22,48925.51,403.54,121.24,118.96,112.81
8/3/22,49496.85,403.54,122.66,120.11,113.80
8/4/22,49761.32,403.54,123.31,120.88,114.45
8/5/22,49744.73,403.54,123.27,120.12,113.80
8/8/22,54539.51,439.83,124.00,121.09,114.56
8/9/22,54313.32,439.83,123.49,120.45,114.06
8/10/22,54772.47,439.83,124.53,121.07,114.54
8/11/22,55007.86,439.83,125.07,121.46,114.86
8/12/22,55295.36,439.83,125.72,121.63,115.00
8/15/22,55270.08,439.83,125.66,121.93,115.24
8/16/22,55579.34,439.83,126.37,122.35,115.58
8/17/22,54978.66,439.83,125.00,121.16,114.63
8/18/22,55035.23,439.83,125.13,121.70,115.06
8/19/22,54470.24,439.83,123.84,120.56,114.15
8/22/22,53657.45,439.83,122.00,118.38,112.41
8/23/22,53630.20,439.83,121.93,118.07,112.19
8/24/22,53570.08,439.83,121.80,118.53,112.54
8/25/22,53602.10,439.83,121.87,118.43,112.47
8/26/22,53149.39,439.83,120.84,116.44,110.94
8/29/22,52904.19,439.83,120.28,115.48,110.22
8/30/22,52816.58,439.83,120.08,115.25,110.05
8/31/22,52686.23,439.83,119.79,113.68,108.86
9/1/22,52276.11,439.83,118.86,111.99,107.59
9/2/22,52836.11,439.83,120.13,114.46,109.53
9/5/22,52823.86,439.83,120.10,113.08,108.45
9/6/22,52527.76,439.83,119.43,113.29,108.62
9/7/22,52411.84,439.83,119.16,113.32,108.64
9/8/22,52459.33,439.83,119.27,113.69,108.94
9/9/22,52928.48,439.83,120.34,115.29,110.25
9/12/22,53780.81,439.83,122.28,117.54,112.15
9/13/22,53431.03,439.83,121.48,115.91,110.78
9/14/22,53015.71,439.83,120.54,115.48,110.41
9/15/22,52844.00,439.83,120.15,114.28,109.40
9/16/22,52385.48,439.83,119.10,112.79,108.14
9/19/22,52098.63,439.83,118.45,112.50,107.90
9/20/22,51728.86,439.83,117.61,110.97,106.61
9/21/22,51638.84,439.83,117.41,111.93,107.42
9/22/22,50964.79,439.83,115.87,109.84,105.66
9/23/22,50283.01,439.83,114.32,107.33,103.55
9/26/22,49822.68,439.83,113.28,107.07,103.33
9/27/22,50683.28,450.44,112.52,106.78,103.09
9/28/22,50646.60,450.44,112.44,106.99,103.27
9/29/22,49588.80,450.44,110.09,105.36,101.90
9/30/22,49720.83,450.44,110.38,106.94,103.23
10/3/22,50064.31,450.44,111.14,107.53,103.72
10/4/22,51269.69,450.44,113.82,112.09,107.55
10/5/22,51171.77,450.44,113.60,111.08,106.71
10/6/22,50992.20,450.44,113.20,110.17,105.95
10/7/22,50610.49,450.44,112.36,108.88,104.87
10/10/22,50549.49,450.44,112.22,108.39,104.46
10/11/22,50559.78,450.44,112.24,108.26,104.35
10/12/22,50216.17,450.44,111.48,107.98,104.13
10/13/22,50148.96,450.44,111.33,109.11,105.07
10/14/22,50703.66,446.92,113.45,110.09,105.89
10/17/22,51374.09,446.92,114.95,112.11,107.58
10/18/22,51324.39,444.34,115.51,112.60,107.99
10/19/22,51460.13,444.34,115.81,112.11,107.58
10/20/22,51554.18,444.34,116.02,112.97,108.30
10/21/22,51410.40,444.34,115.70,112.01,107.50
10/24/22,51791.49,444.34,116.56,113.79,109.00
10/25/22,52521.82,444.34,118.20,116.00,110.86
10/26/22,53310.06,448.83,118.78,116.48,111.27
10/27/22,53330.95,448.83,118.82,115.88,110.76
10/28/22,53536.58,448.83,119.28,116.42,111.22
10/31/22,53692.16,448.83,119.63,116.30,111.12
11/1/22,54067.18,448.83,120.46,117.45,112.11
11/2/22,53944.53,448.83,120.19,116.49,111.28
11/3/22,53290.64,448.83,118.73,115.87,110.73
11/4/22,54138.13,448.83,120.62,119.08,113.59
11/7/22,54718.63,448.83,121.91,119.09,113.59
11/8/22,54677.65,448.83,121.82,119.55,114.01
11/9/22,54495.69,448.83,121.42,119.34,113.82
11/10/22,55139.31,448.83,122.85,121.69,115.95
11/11/22,55509.73,448.83,123.68,122.39,116.59
11/14/22,55861.93,448.83,124.46,122.66,116.83
11/15/22,56178.86,448.83,125.17,123.26,117.38
11/16/22,55749.79,448.83,124.21,122.62,116.80
11/17/22,55219.51,448.83,123.03,122.05,116.27
11/18/22,56819.85,448.83,126.59,123.31,117.38
11/21/22,55433.52,448.83,123.51,123.13,117.22
11/22/22,55620.57,448.83,123.92,123.56,117.59
11/23/22,55793.56,448.83,124.31,123.96,117.94
11/24/22,56192.06,448.83,125.20,124.48,118.40
11/25/22,57878.28,460.53,125.68,124.58,118.48
11/28/22,57468.29,460.53,124.79,123.70,117.74
11/29/22,57392.01,460.53,124.62,123.77,117.80
11/30/22,57590.38,460.53,125.05,125.06,118.89
12/1/22,57965.69,460.53,125.87,125.35,119.14
12/2/22,57823.21,460.53,125.56,125.13,118.95
12/5/22,57793.49,460.53,125.49,124.29,118.24
12/6/22,57455.79,460.53,124.76,124.12,118.09
12/7/22,57074.77,460.53,123.93,123.61,117.67
12/8/22,57121.22,460.53,124.03,123.37,117.46
12/9/22,57307.97,460.53,124.44,123.93,117.93
12/12/22,57028.48,460.53,123.83,123.43,117.51
12/13/22,57540.65,460.53,124.94,125.18,119.00
12/14/22,57724.91,460.53,125.34,124.92,118.77
12/15/22,56420.78,460.53,122.51,121.06,115.51
12/16/22,56023.16,460.53,121.65,119.75,114.41
12/19/22,56122.38,460.53,121.86,120.14,114.73
12/20/22,55935.75,460.53,121.46,119.71,114.37
12/21/22,56890.69,460.53,123.53,122.12,116.42
12/22/22,56697.84,460.53,123.11,120.97,115.44
12/23/22,56738.10,460.53,123.20,120.72,115.23
12/27/22,56941.32,460.53,123.64,121.57,115.96
12/28/22,56846.70,460.53,123.44,120.83,115.32
12/29/22,57207.46,460.53,124.22,122.00,116.33
12/30/22,56870.27,460.53,123.49,120.15,114.74
1/2/23,57719.99,460.53,125.33,122.39,116.67
1/3/23,58380.76,464.51,125.68,122.93,117.13
1/4/23,59061.76,464.51,127.15,125.76,119.54
1/5/23,59262.94,464.51,127.58,125.49,119.30
1/6/23,59887.02,464.51,128.93,127.33,120.87
,,,,,
,,,,,
,,,,,
,,,,,
,,,,,
,,,,,
,,,,,
,,,,,
,,,,,
,,,,,
,,,,,
,,,,,
,,,,,
,,,,,
,,,,,
,,,,,
,,,,,
,,,,,
,,,,,
,,,,,
,,,,,
,,,,,
,,,,,
,,,,,
,,,,,
,,,,,
,,,,,
,,,,,
,,,,,
,,,,,
,,,,,
,,,,,
,,,,,
,,,,,
,,,,,
,,,,,
,,,,,
,,,,,
,,,,,
,,,,,
,,,,,
,,,,,
,,,,,
,,,,,
,,,,,
,,,,,
,,,,,
,,,,,
,,,,,
,,,,,
,,,,,
,,,,,
,,,,,
,,,,,
,,,,,
,,,,,
,,,,,
,,,,,
,,,,,
,,,,,
,,,,,
,,,,,
,,,,,
,,,,,
,,,,,
,,,,,
,,,,,
,,,,,
,,,,,
,,,,,
,,,,,
,,,,,
,,,,,
,,,,,
,,,,,
,,,,,
,,,,,
,,,,,
,,,,,
,,,,,
,,,,,
,,,,,
,,,,,
,,,,,
,,,,,
,,,,,
,,,,,
,,,,,
,,,,,
,,,,,
,,,,,
,,,,,
,,,,,
,,,,,
,,,,,
,,,,,
,,,,,
,,,,,
,,,,,
,,,,,
,,,,,
,,,,,
,,,,,
,,,,,
,,,,,
,,,,,
,,,,,
,,,,,
,,,,,
,,,,,
,,,,,
,,,,,
,,,,,
,,,,,
,,,,,
,,,,,
,,,,,
,,,,,
,,,,,
,,,,,
,,,,,
,,,,,
,,,,,
,,,,,
,,,,,
,,,,,
,,,,,
,,,,,
,,,,,
,,,,,
,,,,,